{
  "group_labels": [
    "",
    "",
    "",
    ""
  ],
  "group_counts": [
    419,
    202,
    140,
    1595
  ],
  "group_percentages": [
    0.17784,
    0.08574,
    0.05942,
    0.67699
  ],
  "stats": {
    "accuracy": 0.85484,
    "precision": 0.88759,
    "recall": 0.91931,
    "f1_score": 0.90317
  }
}